{
  "total_experiences": 497,
  "exploration_rate": 0.9,
  "concepts": {},
  "association_strengths": {},
  "reward_history": [
    1.0,
    1.0,
    1.0,
    1.0,
    1.0,
    1.0,
    -0.5,
    1.0,
    -0.5,
    1.0,
    1.0,
    1.0,
    1.0,
    -0.5,
    -0.5,
    -0.5,
    1.0,
    -0.5,
    1.0,
    -0.5,
    1.0,
    1.0,
    1.0,
    -0.5,
    -0.5,
    1.0,
    -0.5,
    -0.5,
    1.0,
    -0.5,
    1.0,
    1.0,
    1.0,
    1.0
  ],
  "loss_history": [
    -9862655.0,
    -877040.6875,
    -1107443.0,
    -1832902.75,
    -670618.4375,
    -1213945.375,
    -437679.96875,
    -440469.8125,
    -443117.34375,
    -6853724.0,
    -6885196.0,
    -6807851.5,
    -6842141.5,
    -8170321.5,
    -8172653.5,
    -6496472.5,
    -6474632.0,
    -7707377.5,
    -7701155.5,
    -7807432.0,
    -7804093.0,
    -9809420.0,
    -9834536.0,
    -8786367.0,
    -8801433.0,
    -8257620.0,
    -8257757.0,
    -8874103.0,
    -8890342.0,
    -8596693.0,
    -8605300.0,
    -8501641.0,
    -8500788.0,
    -9911540.0,
    -9936929.0,
    -8945444.0,
    -8951823.0,
    -8372697.0,
    -8368366.5,
    -8526326.0,
    -8519000.0,
    -8262969.0,
    -8248919.5,
    -8412048.0,
    -8403087.0,
    -10325117.0,
    -10343718.0,
    -10448175.0,
    -10459967.0,
    -8670101.0,
    -8655207.0,
    -9225421.0,
    -9221022.0,
    -9895223.0,
    -9901478.0,
    -9666826.0,
    -9663051.0,
    -10685741.0,
    -10696310.0,
    -13907227.0,
    -13995463.0,
    -14633149.0,
    -14437653.0,
    -15111504.0,
    -13941059.0,
    -15705965.0,
    -14934365.0,
    -15642600.0,
    -15767010.0,
    -15974423.0,
    -14820293.0,
    -16225287.0,
    -16358400.0,
    -16695301.0,
    -16464490.0,
    -16374335.0,
    -16511571.0,
    -16027629.0,
    -17240702.0,
    -16400826.0,
    -16537530.0,
    -17412098.0,
    -17556636.0,
    -16517779.0,
    -16654642.0,
    -17050210.0,
    -17190962.0,
    -17768348.0,
    -17912992.0,
    -18539098.0,
    -18689812.0,
    -18526266.0,
    -18675232.0,
    -17970708.0,
    -18115532.0,
    -18348590.0,
    -18493190.0,
    -19088994.0,
    -19237836.0,
    -823344.0625
  ]
}